upc,wmt_item_nbr,Each_dim_x,Each_dim_y,Each_dim_z,weight_per_unit,whpk_qty,case_qty
1878777532,1878777532,9.00,3.30,3.30,2.30,1.00,75
7874218937,7874218937,5.72,4.75,4.63,1.41,6.00,62
68113108750,68113108750,4.50,2.50,2.50,0.30,3.00,139
3320097235,3320097235,10.32,3.58,2.61,1.67,4.00,76
1840031251,1840031251,5.20,4.00,2.50,1.10,6.00,64
30065036158,30065036158,4.00,2.75,1.94,0.20,4.00,46
7874201461,7874201461,7.50,2.20,2.20,0.60,6.00,88
2420001134,2420001134,10.77,9.05,6.34,10.50,4.00,55
85714100498,85714100498,5.00,4.20,3.20,1.20,3.00,149
68113107155,68113107155,4.50,2.00,2.00,0.40,3.00,136
3000032136,3000032136,8.81,5.44,2.31,1.08,12.00,119
1600015762,1600015762,11.85,7.70,2.10,1.23,6.00,11
68113128016,68113128016,3.44,1.75,1.75,0.11,4.00,86
30045083837,30045083837,4.69,2.63,2.63,0.49,3.00,105
68113105002,68113105002,10.25,3.78,2.76,1.17,3.00,121
4110058191,4110058191,6.94,3.94,3.94,1.62,4.00,102
7874213321,7874213321,8.75,6.30,2.45,0.96,6.00,70
3700097056,3700097056,10.00,4.29,2.40,2.00,8.00,109
7535314682,7535314682,24.50,10.00,2.50,8.20,4.00,94
31254717162,31254717162,5.00,3.50,1.20,0.10,6.00,22
7261345522,7261345522,10.31,8.19,4.41,6.60,3.00,65
1101740960,1101740960,4.00,3.00,3.00,2.00,6.00,30
8392624300,8392624300,4.00,3.00,3.00,2.00,4.00,75
4200015969,4200015969,10.08,10.08,4.99,4.63,2.00,104
3700081687,3700081687,7.60,7.52,4.29,0.79,3.00,123
68113107172,68113107172,5.20,2.90,2.90,0.72,2.00,20
68113106513,68113106513,17.00,11.50,2.87,2.60,2.00,62
7502005183,7502005183,7.87,5.12,2.76,0.61,2.00,61
89844000102,89844000102,5.00,3.00,2.25,0.30,3.00,119
1600046813,1600046813,11.00,8.25,1.80,0.88,8.00,138
3927832200,3927832200,5.50,5.00,0.75,0.15,6.00,96
2310011081,2310011081,6.75,5.00,4.10,1.11,4.00,55
3600051406,3600051406,9.92,7.44,3.66,1.40,2.00,40
4133374064,4133374064,8.00,4.50,0.50,0.40,20.00,112
68113117155,68113117155,5.75,2.75,0.38,0.02,4.00,42
5100015007,5100015007,4.94,3.13,3.13,1.18,12.00,148
2791702268,2791702268,4.85,2.72,2.72,0.50,3.00,32
68113116178,68113116178,4.91,1.44,1.06,0.10,6.00,28
9830800202,9830800202,3.00,3.00,3.00,0.90,6.00,109
88679073895,88679073895,6.13,2.75,2.75,0.69,3.00,7
3000056831,3000056831,9.50,4.75,4.25,1.32,8.00,124
2800046298,2800046298,9.00,3.25,3.00,2.05,8.00,148
1111107626,1111107626,7.25,4.13,2.50,1.52,12.00,3
31015819788,31015819788,6.56,1.72,1.42,0.28,6.00,40
3700098276,3700098276,12.13,9.84,8.98,3.88,1.00,112
3600049474,3600049474,7.68,4.49,3.66,0.60,4.00,88
7631430213,7631430213,5.56,5.38,4.00,1.60,1.00,21
7418245991,7418245991,9.37,5.51,3.07,3.47,6.00,68
3700093878,3700093878,6.46,6.10,1.77,0.58,4.00,48
75066800702,75066800702,7.70,3.75,1.00,0.14,3.00,111
68113124060,68113124060,4.88,2.50,2.50,0.54,3.00,50
68113100575,68113100575,5.25,3.38,2.75,0.42,3.00,115
7874212264,7874212264,9.00,8.50,2.50,1.80,4.00,66
3600047926,3600047926,9.84,8.86,5.59,2.04,2.00,75
7874213327,7874213327,9.00,6.50,3.25,0.88,6.00,12
4110082033,4110082033,4.50,1.88,1.25,0.08,6.00,108
4110008022,4110008022,4.00,3.00,1.00,0.13,6.00,35
30573288311,30573288311,3.31,2.75,1.50,0.11,6.00,28
8087807179,8087807179,8.50,5.75,2.13,1.98,4.00,29
68113113290,68113113290,18.12,10.79,6.81,6.60,2.00,125
7050101712,7050101712,6.83,2.87,1.61,0.73,3.00,74
4200035503,4200035503,13.00,6.38,6.00,2.30,6.00,114
84004017217,84004017217,9.20,4.00,1.20,0.30,4.00,75
30023182212,30023182212,3.50,1.75,1.13,0.07,6.00,20
4180033700,4180033700,7.00,3.00,2.25,4.45,4.00,39
8596800102,8596800102,20.00,14.00,3.00,21.00,1.00,137
18053000089,18053000089,5.50,4.75,4.50,2.75,3.00,140
3800018257,3800018257,15.63,9.38,3.44,2.64,4.00,45
3700010778,3700010778,11.96,9.09,4.56,8.78,4.00,119
3076818199,3076818199,5.70,5.70,3.00,0.90,3.00,123
1258778685,1258778685,8.36,4.56,4.46,1.93,6.00,109
3600037304,3600037304,7.25,7.25,4.31,0.80,3.00,108
3600001460,3600001460,13.38,8.00,4.01,1.60,2.00,7
30766739964,30766739964,6.13,2.75,2.38,0.73,4.00,126
1920095871,1920095871,9.94,5.14,3.16,2.88,6.00,147
70592860275,70592860275,6.00,3.30,2.40,0.28,2.00,61
4110080604,4110080604,5.00,3.00,1.50,0.05,3.00,52
60538862780,60538862780,4.37,2.31,2.31,0.15,3.00,125
3700071650,3700071650,6.61,4.49,1.26,0.58,6.00,4
4119691113,4119691113,4.45,3.45,3.45,1.19,12.00,139
7261345415,7261345415,10.15,4.95,2.80,0.33,9.00,144
4100000287,4100000287,7.36,6.53,2.53,0.75,6.00,4
4460030713,4460030713,9.50,7.38,5.44,6.15,4.00,128
34658111060,34658111060,4.50,3.20,2.00,0.20,3.00,24
7874221000,7874221000,11.50,6.08,5.50,7.70,6.00,45
5150006824,5150006824,10.80,7.00,1.08,2.40,6.00,118
82927452033,82927452033,8.00,6.20,5.50,5.00,2.00,89
4167967501,4167967501,13.50,9.00,5.85,15.41,1.00,150
4119601095,4119601095,4.45,3.45,3.45,1.19,12.00,77
31031032501,31031032501,4.38,3.75,1.00,0.05,6.00,1
5100001231,5100001231,4.06,2.69,2.69,0.66,12.00,77
7874204618,7874204618,7.10,4.50,2.50,0.75,6.00,42
68113128953,68113128953,5.00,3.38,2.13,0.39,4.00,11
7631430297,7631430297,3.88,2.63,1.88,0.28,3.00,130
4650000037,4650000037,9.05,2.26,2.26,0.07,6.00,44
4116707470,4116707470,4.50,2.50,1.50,0.20,4.00,141
4852600600,4852600600,7.75,5.88,1.50,0.25,4.00,136
7103813000,7103813000,6.50,6.00,4.00,2.30,6.00,55
2800093487,2800093487,6.00,5.20,5.20,2.22,6.00,117
30225052547,30225052547,4.63,2.13,1.00,0.06,6.00,90
68113124064,68113124064,10.13,9.38,4.13,1.37,4.00,7
18629500026,18629500026,3.90,1.50,1.50,0.10,4.00,28
2310027315,2310027315,12.38,9.13,4.25,11.53,1.00,111
2700041924,2700041924,10.88,8.13,2.44,2.77,6.00,43
7874243619,7874243619,4.70,2.70,2.70,0.40,3.00,49
1600014943,1600014943,6.50,6.00,1.75,0.41,6.00,102
7214001945,7214001945,8.03,3.07,1.97,0.44,3.00,136
31284353642,31284353642,4.14,2.76,2.13,0.18,4.00,12
89319800248,89319800248,4.00,3.00,3.00,2.00,4.00,67
7050101350,7050101350,3.29,2.22,1.22,0.25,6.00,12
68113135438,68113135438,5.25,4.38,3.50,0.85,3.00,145
30041010630,30041010630,8.98,2.16,0.98,0.09,6.00,123
1650057428,1650057428,5.81,2.68,2.68,0.65,3.00,36
31254703436,31254703436,7.10,2.43,1.77,0.36,6.00,87
7940058853,7940058853,9.25,3.16,3.16,2.16,6.00,136
9296101947,9296101947,4.00,3.00,3.00,2.00,3.00,120
36210332302,36210332302,5.00,1.90,1.90,0.13,3.00,142
31031028313,31031028313,4.50,3.75,1.00,0.05,6.00,5
3700082025,3700082025,7.99,6.50,5.00,0.70,3.00,57
7295901066,7295901066,6.75,3.00,2.00,0.46,3.00,101
68113177911,68113177911,5.20,2.90,2.90,0.05,2.00,89
1370001661,1370001661,9.70,9.00,4.50,3.80,3.00,124
3890003033,3890003033,6.20,4.00,2.20,1.20,6.00,23
1600015950,1600015950,11.00,8.25,1.78,0.94,8.00,16
7874200986,7874200986,3.39,1.66,1.66,0.04,3.00,16
2800024460,2800024460,8.00,3.70,2.00,1.50,6.00,119
4116758005,4116758005,4.94,4.13,1.25,0.10,4.00,21
7631430201,7631430201,5.38,3.88,2.63,0.79,3.00,8
79452270300,79452270300,8.00,3.75,2.25,2.40,6.00,12
7395024784,7395024784,13.60,6.80,3.50,1.26,2.00,89
68113106518,68113106518,10.88,10.75,6.00,2.40,4.00,2
7874231326,7874231326,9.37,3.39,3.03,1.50,12.00,44
3320011321,3320011321,8.60,3.45,2.55,2.23,6.00,35
30041010505,30041010505,8.98,2.16,0.98,0.12,6.00,131
30045048101,30045048101,3.76,1.92,1.88,0.12,6.00,20
4740030504,4740030504,7.75,4.20,2.12,1.25,3.00,3
30766787750,30766787750,5.20,4.50,3.20,0.60,1.00,6
4119601022,4119601022,4.45,3.45,3.45,1.19,12.00,42
3320000417,3320000417,10.32,3.58,2.61,1.67,4.00,104
7874218148,7874218148,12.13,7.63,2.00,1.13,10.00,123
7965603223,7965603223,9.06,2.16,2.16,0.60,3.00,149
3120020297,3120020297,10.70,6.20,5.70,7.20,6.00,150
30573070530,30573070530,3.75,3.00,0.63,0.07,12.00,86
30067810492,30067810492,4.56,2.75,2.75,0.38,3.00,23
7874209289,7874209289,4.00,3.75,1.27,0.16,6.00,43
7066209633,7066209633,5.00,3.00,0.50,0.20,6.00,79
2791702687,2791702687,6.31,3.19,3.19,0.84,3.00,9
1480000007,1480000007,9.00,3.70,2.70,1.50,12.00,60
1204403957,1204403957,5.75,2.56,2.50,0.62,3.00,15
68113124789,68113124789,5.25,3.88,3.88,0.50,1.00,121
31101710002,31101710002,10.45,3.35,0.25,1.00,6.00,41
4116700404,4116700404,3.25,3.00,1.69,0.11,6.00,5
3600044871,3600044871,8.00,3.31,2.63,0.35,6.00,148
7874223030,7874223030,4.69,4.06,4.06,1.82,6.00,122
7050111047,7050111047,4.10,2.90,2.90,0.41,3.00,134
38137116147,38137116147,4.00,3.00,3.00,2.00,2.00,84
3700077970,3700077970,6.02,1.93,1.61,0.31,6.00,8
88679001887,88679001887,4.00,3.00,3.00,2.00,2.00,21
3120020311,3120020311,10.88,6.14,4.72,7.24,6.00,73
7630187022,7630187022,13.31,8.63,3.13,10.24,1.00,124
30067812406,30067812406,4.94,3.13,1.78,0.27,3.00,94
68113102775,68113102775,6.20,3.00,1.70,0.30,6.00,95
75174603218,75174603218,5.15,5.15,4.65,1.37,4.00,149
3400000185,3400000185,8.34,4.03,2.01,1.47,5.00,135
7395024783,7395024783,12.75,6.63,3.50,1.35,2.00,63
6905585847,6905585847,8.66,2.36,0.71,0.09,6.00,8
3927831510,3927831510,4.75,3.38,1.75,0.18,6.00,21
3600047932,3600047932,9.87,8.66,5.59,2.03,4.00,11
4467720470,4467720470,6.00,5.10,3.42,6.90,2.00,52
2500005676,2500005676,7.00,5.95,4.00,4.50,4.00,114
3600034102,3600034102,13.00,9.50,6.20,3.90,2.00,5
5410001937,5410001937,3.38,3.32,0.31,0.88,12.00,94
7874212195,7874212195,10.94,7.69,2.06,1.59,12.00,92
7874243518,7874243518,4.43,2.31,2.31,0.40,3.00,143
4110080614,4110080614,3.80,3.00,1.50,0.06,3.00,76
31031032499,31031032499,8.05,3.75,2.45,0.25,3.00,97
30149003947,30149003947,7.50,5.90,2.90,2.39,3.00,101
4133393364,4133393364,7.75,4.50,2.50,2.59,12.00,139
68113105752,68113105752,4.25,2.00,2.00,0.12,3.00,121
7166100132,7166100132,8.00,4.30,2.80,2.31,6.00,19
7940051180,7940051180,5.52,2.50,2.25,0.55,6.00,39
3700096271,3700096271,9.37,4.13,2.82,2.40,4.00,44
68113169944,68113169944,5.16,3.00,1.79,0.55,3.00,20
38137003832,38137003832,6.39,2.68,1.46,0.46,6.00,94
1600045602,1600045602,7.25,5.62,1.46,1.06,12.00,102
3676887654,3676887654,16.65,4.00,3.75,1.00,2.00,118
68113113560,68113113560,6.53,4.19,1.61,0.13,3.00,128
68113102952,68113102952,7.06,3.50,1.56,0.71,4.00,7
4116709444,4116709444,8.25,3.38,2.06,1.25,6.00,22
3270014913,3270014913,13.07,8.82,6.82,20.50,2.00,96
68113102712,68113102712,5.75,3.13,2.25,0.99,4.00,4
8392624900,8392624900,6.88,5.13,2.25,1.00,3.00,135
4100002290,4100002290,7.38,5.75,1.25,0.29,12.00,81
5480003080,5480003080,7.28,5.12,1.26,0.57,12.00,37
38137118053,38137118053,8.19,4.25,2.13,1.25,3.00,33
6905583744,6905583744,9.45,2.20,1.34,0.19,4.00,146
3600051393,3600051393,7.28,4.72,2.76,0.54,4.00,5
3120029256,3120029256,6.50,3.00,1.50,0.50,12.00,21
38151903954,38151903954,7.50,1.72,1.72,0.45,3.00,146
3900008663,3900008663,2.50,2.50,2.50,0.29,48.00,130
68113102435,68113102435,7.00,2.56,2.56,1.04,6.00,106
68113105284,68113105284,6.00,1.50,1.50,0.18,6.00,16
8768400097,8768400097,9.50,5.50,3.70,4.30,4.00,110
3120020157,3120020157,10.50,4.50,3.50,4.35,8.00,144
68113107173,68113107173,4.50,2.20,2.20,0.40,3.00,126
2052511019,2052511019,5.25,3.00,3.00,0.50,3.00,15
3890072060,3890072060,6.25,3.75,3.25,3.70,1.00,106
7962507362,7962507362,7.00,4.75,4.75,0.20,9.00,122
4116775142,4116775142,4.00,3.00,3.00,2.00,4.00,100
7680852320,7680852320,7.50,6.50,3.00,2.00,8.00,21
4300021710,4300021710,7.50,4.69,2.31,0.82,6.00,149
7357529500,7357529500,8.20,2.50,2.50,1.40,6.00,128
68113192822,68113192822,5.24,3.37,2.74,0.52,3.00,125
4150000031,4150000031,7.63,3.74,2.31,1.35,12.00,146
3160403159,3160403159,5.13,2.63,2.63,0.45,3.00,128
68113123452,68113123452,4.31,2.31,2.31,0.31,3.00,41
2331773104,2331773104,5.13,3.00,1.44,0.11,6.00,20
68113122832,68113122832,5.95,5.45,1.88,0.61,3.00,39
3500046391,3500046391,7.78,3.66,1.53,0.71,6.00,75
7874206671,7874206671,6.00,6.00,5.70,1.90,6.00,132
35879000030,35879000030,4.72,2.95,2.17,0.07,3.00,29
1740014002,1740014002,7.25,3.25,2.50,0.63,8.00,109
68113157371,68113157371,4.15,1.98,1.98,0.23,3.00,5
3500046946,3500046946,8.42,4.71,1.52,1.25,6.00,95
30299391746,30299391746,3.75,3.68,3.68,1.18,3.00,82
32878550965,32878550965,7.50,2.80,1.20,0.12,3.00,132
3800023153,3800023153,13.44,9.44,3.50,1.82,8.00,35
88491200472,88491200472,9.63,6.34,2.16,1.81,10.00,88
3320094173,3320094173,11.00,9.50,4.50,9.92,3.00,89
4191102050,4191102050,10.00,5.40,2.70,3.07,4.00,18
88348431118,88348431118,9.40,3.45,2.30,1.78,4.00,26
68113128819,68113128819,4.13,2.25,2.25,0.39,4.00,143
68113111126,68113111126,3.44,1.78,1.78,0.13,6.00,13
7874210515,7874210515,9.90,2.75,2.75,1.58,6.00,143
4138820392,4138820392,4.94,3.00,0.75,0.06,6.00,106
3700031484,3700031484,7.28,4.80,3.42,0.38,3.00,31
30045048828,30045048828,3.63,2.28,2.28,0.24,6.00,141
30766775025,30766775025,5.38,4.38,3.13,0.46,1.00,64
7050102810,7050102810,6.66,2.60,1.67,0.56,3.00,63
5200013318,5200013318,10.40,8.80,7.80,14.20,1.00,16
4116701704,4116701704,5.20,2.70,2.00,0.30,3.00,148
89734300135,89734300135,4.70,3.00,2.70,0.20,3.00,149
6905512799,6905512799,4.88,3.35,1.18,0.09,6.00,76
60069966116,60069966116,11.50,7.00,1.75,1.00,12.00,38
60538899945,60538899945,3.48,1.86,1.86,0.14,3.00,58
4116700353,4116700353,5.75,4.25,1.50,0.10,4.00,39
3620001401,3620001401,12.00,8.00,1.40,3.00,6.00,91
4889404716,4889404716,8.70,7.60,5.90,2.65,2.00,65
7007453432,7007453432,5.50,2.30,2.30,0.60,1.00,65
81990301028,81990301028,4.00,3.00,3.00,2.00,3.00,79
7301000915,7301000915,5.67,5.63,2.60,0.44,6.00,103
1027977060,1027977060,8.00,2.36,2.36,0.51,3.00,146
73373930037,73373930037,4.17,1.98,1.98,0.18,3.00,75
2570071016,2570071016,10.51,4.63,3.08,2.34,8.00,2
37168730031,37168730031,3.19,2.75,1.63,0.08,4.00,92
30078042947,30078042947,4.00,1.27,1.27,0.04,3.00,131
2220095456,2220095456,5.30,2.38,2.22,0.29,3.00,82
30045083824,30045083824,2.81,1.72,1.56,0.10,6.00,56
68113117592,68113117592,11.00,9.00,4.75,2.35,2.00,121
31101726200,31101726200,5.75,3.50,1.00,0.10,6.00,25
1370001651,1370001651,9.50,4.70,4.40,2.03,6.00,89
2400039342,2400039342,6.38,3.50,3.25,0.06,6.00,38
68113131255,68113131255,0.31,0.21,0.21,0.43,2.00,82
1650053536,1650053536,5.25,2.88,2.88,0.85,2.00,145
30041082585,30041082585,6.00,2.75,0.81,0.10,6.00,82
2460001041,2460001041,5.50,2.50,2.50,0.78,6.00,58
30065019231,30065019231,3.86,1.76,1.25,0.06,6.00,59
31727055300,31727055300,5.13,1.94,1.71,0.13,24.00,53
76172005820,76172005820,11.39,6.60,5.12,7.95,6.00,100
6414402073,6414402073,4.50,3.00,3.00,1.00,12.00,9
68113177933,68113177933,5.45,4.50,2.80,0.56,3.00,18
6414404342,6414404342,7.63,6.00,3.19,2.26,6.00,149
30132019012,30132019012,3.20,3.20,1.70,0.10,3.00,82
30043900572,30043900572,4.53,2.76,1.97,0.07,3.00,92
30067001624,30067001624,3.50,1.80,1.30,1.00,6.00,65
1780015016,1780015016,12.00,6.00,5.00,6.30,4.00,131
30573245014,30573245014,4.30,3.50,1.80,1.30,4.00,96
3700097722,3700097722,7.24,6.73,5.51,3.31,3.00,56
38137003320,38137003320,7.87,3.35,2.12,1.25,3.00,128
5100020195,5100020195,6.32,5.18,4.25,3.38,4.00,94
7940038641,7940038641,5.52,2.22,1.23,0.24,6.00,100
7050102023,7050102023,6.61,3.03,1.91,0.39,3.00,25
7007467152,7007467152,5.30,5.12,5.12,1.77,4.00,94
63748006514,63748006514,6.00,4.81,4.81,3.17,3.00,58
68113124040,68113124040,14.75,10.13,7.94,4.32,2.00,83
30023341660,30023341660,4.00,3.00,3.00,2.00,3.00,73
2400034346,2400034346,4.44,3.00,3.00,0.94,12.00,80
31011903588,31011903588,6.88,4.75,2.38,1.70,2.00,27
5265100006,5265100006,8.18,3.06,2.00,0.63,6.00,25
4178801933,4178801933,13.50,9.00,5.70,14.28,2.00,23
5113119794,5113119794,9.00,3.75,2.00,0.21,2.00,7
68113129619,68113129619,5.25,5.00,1.06,0.06,8.00,62
4790013010,4790013010,8.75,6.50,3.00,2.20,8.00,95
31074202672,31074202672,7.00,3.00,3.00,0.40,3.00,63
3500046390,3500046390,7.70,3.66,1.53,0.74,6.00,85
1920083722,1920083722,6.50,5.60,1.65,0.22,4.00,130
4950800140,4950800140,12.00,8.00,2.00,0.88,6.00,39
1600015777,1600015777,11.85,7.70,2.10,1.23,6.00,1
3700097332,3700097332,4.51,3.61,0.73,0.04,6.00,148
32586610502,32586610502,3.25,2.00,1.50,0.08,6.00,89
3700025574,3700025574,9.75,3.75,2.25,1.70,10.00,125
1480000529,1480000529,9.56,9.56,4.19,5.01,1.00,46
1300000605,1300000605,7.75,1.75,1.50,2.00,12.00,27
30573301502,30573301502,5.80,5.05,1.65,0.33,3.00,79
2270063230,2270063230,5.66,1.87,0.42,0.01,2.00,20
68113118709,68113118709,3.80,3.80,0.99,0.07,6.00,35
3076876605,3076876605,5.53,2.85,2.83,0.52,3.00,150
8000049527,8000049527,7.00,5.50,0.06,0.40,12.00,75
1440067000,1440067000,11.25,9.73,6.82,11.50,1.00,108
3700087518,3700087518,10.83,9.12,5.61,10.30,4.00,134
7874207381,7874207381,4.50,2.69,1.31,0.11,12.00,148
81000718052,81000718052,4.30,3.25,2.50,0.89,3.00,76
7513711085,7513711085,5.88,3.50,1.50,0.30,2.00,132
1650053503,1650053503,5.00,2.50,2.50,0.60,3.00,97
69702910016,69702910016,8.00,2.75,2.75,1.06,3.00,18
2052591279,2052591279,5.31,2.69,2.00,0.15,3.00,76
37513759550,37513759550,5.63,2.88,1.13,0.04,6.00,79
71919513504,71919513504,9.75,5.38,4.75,4.00,3.00,115
68113107108,68113107108,7.88,3.13,0.75,0.05,6.00,136
2400016717,2400016717,4.44,3.00,3.00,1.13,12.00,37
36373614308,36373614308,3.31,3.00,1.06,0.03,4.00,146
68113192823,68113192823,4.63,2.63,1.56,0.06,3.00,94
30067204524,30067204524,3.00,1.75,1.75,0.10,3.00,115
81751301000,81751301000,8.75,2.15,2.15,0.94,3.00,65
7535398280,7535398280,18.00,3.00,3.00,2.56,4.00,36
4112907700,4112907700,6.75,3.18,3.18,1.50,8.00,136
30573245042,30573245042,4.88,4.25,1.75,0.19,4.00,122
85815800502,85815800502,4.13,3.50,3.50,0.90,3.00,4
81483201588,81483201588,6.06,4.00,3.38,0.78,3.00,75
31031032503,31031032503,1.00,0.44,0.29,2.80,6.00,132
71683724650,71683724650,5.00,2.23,2.23,0.30,3.00,107
8680087025,8680087025,5.07,2.39,1.50,0.22,3.00,119
1600062570,1600062570,12.55,9.40,3.10,1.13,5.00,138
68113105856,68113105856,4.43,2.50,2.50,0.19,2.00,144
68113102417,68113102417,4.72,3.68,1.63,0.12,3.00,114
4858210070,4858210070,7.00,2.00,2.00,2.00,6.00,70
71793703030,71793703030,7.88,2.41,2.41,1.09,6.00,105
1650054605,1650054605,5.12,3.91,3.28,0.73,1.00,146
7910051899,7910051899,10.63,7.62,4.19,4.29,3.00,21
1600027528,1600027528,12.55,9.40,3.10,1.13,6.00,28
7140003261,7140003261,9.00,4.00,1.50,0.28,2.00,106
3114602286,3114602286,6.50,6.50,5.00,1.13,8.00,74
3000016901,3000016901,10.00,4.00,3.50,0.30,12.00,37
7874206664,7874206664,10.70,3.00,1.70,1.00,20.00,14
8680087022,8680087022,6.20,2.20,1.50,0.20,3.00,12
2100003934,2100003934,5.25,4.00,0.25,0.07,24.00,38
81106801100,81106801100,8.90,3.57,2.92,2.50,3.00,127
72408957944,72408957944,6.25,5.75,1.75,0.25,2.00,24
30521233500,30521233500,4.24,4.19,3.07,1.01,6.00,146
31101741000,31101741000,7.00,2.00,2.00,0.45,3.00,43
68113102707,68113102707,3.72,3.50,1.92,0.23,6.00,78
7874215153,7874215153,8.19,3.65,2.25,2.08,8.00,111
7430000071,7430000071,6.17,2.38,1.77,0.31,6.00,87
32390003936,32390003936,3.50,2.50,2.50,0.28,3.00,41
1980070450,1980070450,10.63,8.75,5.75,12.46,2.00,124
3700088730,3700088730,9.84,6.53,4.88,1.46,3.00,80
30023324015,30023324015,3.50,1.75,1.12,0.01,6.00,108
30041010495,30041010495,8.98,3.23,0.98,0.21,6.00,79
8768400108,8768400108,9.50,5.56,3.75,4.40,4.00,134
6414432287,6414432287,7.50,3.50,2.00,1.60,12.00,49
30005550924,30005550924,4.25,2.45,2.45,0.33,3.00,28
7874234731,7874234731,11.00,5.92,3.79,5.28,4.00,134
3700094085,3700094085,12.00,10.00,5.00,5.01,4.00,51
68113183712,68113183712,8.38,4.90,2.37,1.81,4.00,103
1600012564,1600012564,12.50,9.40,2.50,1.27,6.00,87
31101710450,31101710450,5.56,3.38,0.75,0.06,6.00,37
30067627451,30067627451,4.53,2.76,1.97,0.07,3.00,76
4133327035,4133327035,7.75,4.50,1.18,1.36,12.00,40
3700052365,3700052365,10.06,4.13,2.21,1.27,6.00,72
7005299740,7005299740,5.76,2.25,2.25,0.61,8.00,4
60538862818,60538862818,6.10,5.50,3.05,2.25,3.00,54
68113114311,68113114311,4.50,2.25,2.25,0.46,3.00,89
5100012804,5100012804,4.94,3.13,3.13,1.18,12.00,51
7395023083,7395023083,9.38,6.63,6.19,2.81,1.00,71
1370021640,1370021640,12.00,7.63,7.63,3.21,4.00,49
1370001655,1370001655,9.50,4.70,4.40,1.98,6.00,39
4240024051,4240024051,16.50,10.75,2.25,1.91,9.00,8
64769216234,64769216234,5.50,1.88,1.44,0.21,3.00,88
5020002110,5020002110,7.66,5.87,5.11,3.75,4.00,41
4460000273,4460000273,10.50,7.20,2.20,3.50,6.00,22
68113114344,68113114344,8.75,3.13,2.00,0.95,3.00,114
32420853230,32420853230,4.70,2.50,2.50,0.30,3.00,64
30521030292,30521030292,9.75,4.00,2.50,2.20,4.00,24
5150005711,5150005711,7.32,3.00,2.23,1.34,12.00,37
7874218708,7874218708,13.00,7.00,7.00,3.40,3.00,134
4460030058,4460030058,10.13,4.88,3.00,2.32,9.00,60
68113106120,68113106120,6.70,5.20,2.70,1.90,2.00,84
72225216859,72225216859,5.45,5.45,2.50,1.10,6.00,35
4160800142,4160800142,7.80,3.25,2.65,1.11,3.00,42
2900001641,2900001641,4.00,4.00,3.00,0.50,6.00,52
4180034800,4180034800,10.00,7.00,4.00,4.45,4.00,22
1600014528,1600014528,12.55,9.40,2.25,1.23,8.00,58
68113107902,68113107902,12.89,8.90,7.13,20.80,2.00,119
4740031389,4740031389,8.19,4.13,1.16,0.14,4.00,47
4460008033,4460008033,10.13,4.88,3.00,2.14,9.00,84
38137003844,38137003844,9.19,3.83,1.96,1.28,3.00,61
3010094052,3010094052,8.00,5.69,4.25,0.88,4.00,84
88679021830,88679021830,7.63,4.28,4.28,1.10,2.00,5
88796173594,88796173594,8.00,6.00,4.00,2.00,1.00,108
3800019989,3800019989,12.61,7.56,2.30,1.66,16.00,92
68113118395,68113118395,3.52,1.79,1.79,0.09,6.00,21
30521004400,30521004400,3.55,3.35,2.50,0.50,3.00,118
68113106119,68113106119,7.00,2.60,2.60,1.05,6.00,60
4721828121,4721828121,18.00,18.00,1.84,2.50,1.00,42
7874243532,7874243532,4.00,2.50,2.20,0.20,3.00,72
5100002429,5100002429,4.50,3.00,3.00,1.00,24.00,137
3900008104,3900008104,0.55,0.31,0.31,0.92,24.00,99
7874202247,7874202247,7.50,5.19,5.19,2.67,6.00,134
3700040079,3700040079,7.09,3.15,1.50,0.61,6.00,121
30573288320,30573288320,4.00,3.00,3.00,2.00,3.00,112
3600051394,3600051394,8.11,7.28,2.76,0.90,4.00,104
4800126524,4800126524,7.00,4.00,4.00,2.90,12.00,113
30065035605,30065035605,7.00,4.69,2.38,1.42,3.00,57
30041667803,30041667803,8.70,2.20,0.70,0.10,8.00,19
2620017188,2620017188,6.06,5.66,3.06,1.04,4.00,2
68113107178,68113107178,4.13,2.25,2.25,0.10,3.00,106
2100001086,2100001086,7.01,3.65,3.65,16.00,12.00,67
7248600110,7248600110,8.50,6.50,2.25,2.65,8.00,129
3160403076,3160403076,5.34,2.91,2.91,0.60,2.00,9
68113107171,68113107171,6.26,5.38,3.13,1.53,1.00,148
7094200238,7094200238,5.88,3.00,0.65,0.04,6.00,106
38137003405,38137003405,3.75,1.00,0.18,2.52,4.00,32
30045091060,30045091060,5.08,3.30,1.92,0.13,3.00,63
3800019878,3800019878,9.84,7.44,1.77,1.17,10.00,43
38137115178,38137115178,6.65,2.45,1.27,0.23,3.00,17
1150906002,1150906002,4.50,2.80,2.60,0.23,3.00,33
4721828118,4721828118,18.00,18.00,7.00,2.20,1.00,25
68113103642,68113103642,10.50,4.00,2.60,2.40,4.00,93
3010021597,3010021597,8.00,5.69,4.25,0.94,4.00,133
7874200985,7874200985,11.86,3.50,1.86,0.07,3.00,61
30065314450,30065314450,7.10,2.60,2.60,0.80,6.00,3
4460030614,4460030614,16.00,10.00,1.21,1.00,9.00,62
1370083809,1370083809,14.88,3.25,2.13,0.63,9.00,138
4110001511,4110001511,4.50,1.88,1.25,0.09,6.00,9
3320000020,3320000020,4.02,2.99,1.81,0.30,12.00,34
64420930759,64420930759,7.25,5.25,1.75,1.05,12.00,26
3700054750,3700054750,7.76,5.75,5.55,1.00,2.00,112
81655901077,81655901077,9.40,2.60,2.60,0.69,3.00,25
6233893790,6233893790,8.00,6.70,1.70,0.90,5.00,82
32390003937,32390003937,4.25,2.50,2.50,0.45,3.00,61
3700033836,3700033836,10.91,6.77,2.24,4.90,7.00,55
30573016930,30573016930,4.00,3.00,3.00,2.00,6.00,90
30299492030,30299492030,6.97,2.65,1.60,0.04,3.00,28
2700062325,2700062325,8.38,6.25,2.63,1.31,4.00,25
38137115686,38137115686,7.52,2.59,1.46,0.66,3.00,67
4460031162,4460031162,17.13,8.44,4.25,6.81,3.00,144
31031031805,31031031805,3.75,1.25,0.09,2.52,6.00,102
68113170003,68113170003,8.00,4.50,4.50,2.55,1.00,93
31011900252,31011900252,3.00,1.50,1.00,4.00,6.00,34
7874203694,7874203694,11.00,5.50,3.00,1.30,4.00,132
68113102600,68113102600,5.50,2.75,1.75,0.30,4.00,89
7874222543,7874222543,6.40,2.75,2.15,0.37,12.00,38
68113128721,68113128721,5.28,3.17,3.17,0.73,2.00,124
4203710300,4203710300,4.70,3.20,2.00,0.10,4.00,35
4110040788,4110040788,6.75,2.12,2.12,0.50,3.00,17
68113118581,68113118581,7.00,5.00,2.00,0.25,6.00,111
68113112910,68113112910,8.82,2.36,0.87,0.08,6.00,131
74917409624,74917409624,10.95,8.46,5.00,7.30,2.00,115
68113111015,68113111015,4.09,1.98,1.98,0.15,2.00,99
30573262165,30573262165,4.25,2.75,2.50,0.06,3.00,103
30067000524,30067000524,3.13,3.06,0.63,0.09,6.00,128
7214063608,7214063608,3.80,3.80,3.70,0.33,3.00,77
5100019624,5100019624,6.32,5.18,4.25,3.38,4.00,126
68113112978,68113112978,4.20,3.15,2.00,0.18,3.00,27
73373930220,73373930220,4.42,2.52,2.52,0.42,3.00,92
81106801342,81106801342,11.70,6.70,1.70,3.10,4.00,49
38137003314,38137003314,7.03,3.06,2.00,0.87,3.00,114
4834100799,4834100799,12.00,2.25,2.25,0.15,6.00,140
68113122831,68113122831,10.00,8.00,3.00,1.13,1.00,2
3600051442,3600051442,13.88,11.00,9.63,6.00,1.00,118
68113177943,68113177943,3.98,2.38,2.38,0.54,3.00,29
89811500250,89811500250,4.50,3.00,1.80,0.09,4.00,11
32390004063,32390004063,6.67,2.26,1.70,0.51,3.00,57
3160403183,3160403183,4.25,2.00,2.00,0.12,3.00,34
30065036340,30065036340,7.88,5.13,2.56,1.90,3.00,1
7467662021,7467662021,9.13,3.75,1.75,0.26,2.00,102
9955515154,9955515154,7.85,7.85,6.05,1.88,4.00,120
4180030264,4180030264,7.50,5.00,4.50,4.40,4.00,28
31254720436,31254720436,4.45,4.30,1.57,0.08,4.00,36
68113113288,68113113288,16.12,14.12,6.81,7.80,2.00,88
4110080676,4110080676,4.63,4.19,2.63,0.50,3.00,52
3367411537,3367411537,6.25,3.45,3.45,1.32,2.00,15
81778302040,81778302040,12.25,8.50,7.75,7.01,1.00,137
7874201138,7874201138,12.30,8.36,5.26,10.07,4.00,83
68113105585,68113105585,4.55,2.19,2.19,0.45,3.00,101
87606300315,87606300315,5.50,4.75,4.50,2.75,3.00,86
68113101132,68113101132,4.50,2.21,2.09,0.15,3.00,94
85000049401,85000049401,9.84,7.48,4.13,3.37,3.00,102
6414486803,6414486803,5.50,5.50,5.00,4.15,6.00,86
4800135450,4800135450,7.30,3.50,2.70,1.30,12.00,92
3800019975,3800019975,12.61,7.56,2.30,1.60,16.00,150
3700075419,3700075419,6.01,1.93,1.61,0.31,6.00,111
76056908160,76056908160,4.00,2.20,2.20,0.20,3.00,22
7431258865,7431258865,4.38,2.06,2.06,0.25,3.00,145
7874230065,7874230065,9.50,6.25,3.25,2.00,8.00,13
7214081063,7214081063,9.00,3.00,2.00,1.20,3.00,111
30005475850,30005475850,4.65,4.35,2.35,0.25,4.00,144
88589800042,88589800042,5.38,3.88,2.63,0.83,3.00,26
7447101720,7447101720,5.70,3.50,2.00,0.29,12.00,122
38151902242,38151902242,7.25,3.13,1.95,0.48,3.00,71
32390000361,32390000361,2.25,2.25,2.24,0.17,6.00,76
1840031294,1840031294,5.50,4.20,2.50,0.30,6.00,23
4127102590,4127102590,5.81,4.63,2.88,0.99,6.00,127
7874203429,7874203429,5.70,5.50,1.50,0.50,1.00,4
68113192554,68113192554,9.88,4.50,2.25,0.63,8.00,64
68113128029,68113128029,5.51,2.36,1.50,0.09,3.00,68
5307618550,5307618550,5.50,2.50,1.50,0.12,4.00,149
7830007023,7830007023,10.19,9.27,7.11,1.93,3.00,106
68113108952,68113108952,3.00,2.00,1.75,0.04,4.00,73
36373644180,36373644180,7.88,5.13,1.18,0.13,3.00,67
68113111195,68113111195,5.31,2.64,2.64,0.39,3.00,101
7223900332,7223900332,5.10,3.80,1.50,0.50,4.00,119
4127102110,4127102110,5.81,4.63,2.88,0.91,6.00,33
7467662670,7467662670,7.13,3.75,1.75,0.21,2.00,129
68113100687,68113100687,11.61,3.94,3.54,0.89,3.00,47
68113128939,68113128939,6.03,2.18,2.18,0.67,3.00,102
7350204648,7350204648,23.50,16.70,11.90,16.25,1.00,74
3320011443,3320011443,8.50,3.56,2.63,2.80,6.00,109
68113157368,68113157368,3.48,1.86,1.86,0.07,3.00,14
68113134988,68113134988,4.00,2.75,2.75,0.61,1.00,9
9484125514,9484125514,4.25,1.63,1.38,0.10,3.00,126
3160402658,3160402658,5.38,2.63,2.63,0.44,3.00,72
89987400232,89987400232,5.28,2.00,2.00,0.53,4.00,32
30869470710,30869470710,8.04,3.23,3.23,2.27,12.00,48
3444985969,3444985969,13.00,6.25,3.38,1.10,2.00,133
7943713400,7943713400,8.19,5.06,2.44,0.51,12.00,98
30045048162,30045048162,3.66,2.25,2.25,0.20,3.00,115
1600014641,1600014641,8.25,5.75,3.00,0.85,4.00,39
68113127731,68113127731,7.14,5.22,2.55,2.00,3.00,131
60069900327,60069900327,13.00,11.00,2.13,1.52,10.00,58
31015885078,31015885078,6.56,1.72,1.42,0.25,12.00,16
7535305283,7535305283,4.53,4.53,1.88,0.47,12.00,143
8641400196,8641400196,9.75,3.86,2.07,1.80,3.00,83
68113117594,68113117594,16.50,11.50,6.50,6.16,2.00,107
3800022094,3800022094,11.06,6.82,6.13,5.51,1.00,120
3700075753,3700075753,9.31,4.16,2.58,2.27,4.00,79
4460001195,4460001195,10.20,4.92,2.95,2.40,9.00,93
7874203000,7874203000,12.75,8.28,4.25,4.71,2.00,28
4180029000,4180029000,11.31,5.18,4.41,7.34,6.00,71
68113177930,68113177930,5.60,4.50,3.00,0.60,3.00,32
7314115004,7314115004,5.85,2.35,0.95,0.09,20.00,28
68113117393,68113117393,9.38,7.50,4.25,0.94,3.00,90
2900001629,2900001629,6.60,4.83,4.62,2.42,6.00,76
68113117156,68113117156,5.75,2.75,1.00,0.03,4.00,28
88491232087,88491232087,12.38,7.69,3.13,1.27,12.00,97
4300000332,4300000332,12.75,11.00,2.68,7.82,8.00,140
4127102591,4127102591,5.85,4.70,3.00,0.99,6.00,125
31074201086,31074201086,3.52,2.42,0.85,0.09,3.00,140
7295942042,7295942042,4.88,2.75,1.50,0.21,3.00,41
5000058568,5000058568,8.20,8.20,5.70,6.60,1.00,138
7874200871,7874200871,11.94,7.88,3.25,2.96,4.00,120
68113129793,68113129793,4.88,3.00,1.63,0.19,6.00,90
4119691507,4119691507,5.00,3.00,3.00,1.30,12.00,57
30045021223,30045021223,3.84,3.16,1.50,0.11,6.00,18
7874208393,7874208393,5.75,5.50,1.25,1.03,12.00,138
30766143020,30766143020,5.38,5.38,1.88,0.23,1.00,22
6414404717,6414404717,3.51,3.50,2.28,0.60,12.00,118
1920081546,1920081546,10.13,2.79,2.79,1.52,12.00,54
4100002286,4100002286,8.50,5.75,1.50,0.32,12.00,128
30023341630,30023341630,6.00,3.13,2.75,0.29,3.00,56
68113123533,68113123533,6.89,4.92,4.13,1.41,1.00,95
4180050151,4180050151,6.20,3.40,3.40,2.01,12.00,89
1150906027,1150906027,7.87,3.33,1.65,0.90,3.00,106
38137005570,38137005570,4.00,2.80,1.46,0.08,6.00,15
68113111121,68113111121,3.75,2.30,2.30,0.22,3.00,71
2279691670,2279691670,5.97,3.91,1.96,1.01,4.00,23
7089218812,7089218812,5.75,4.00,1.75,0.42,8.00,71
68113106146,68113106146,3.39,1.87,1.87,0.24,6.00,148
36761812006,36761812006,2.75,1.63,1.63,0.06,3.00,55
7050111048,7050111048,4.04,2.95,2.90,0.41,3.00,8
68113197214,68113197214,7.50,4.75,3.50,0.53,6.00,129
3160403079,3160403079,7.19,3.63,3.63,1.36,2.00,85
7073405307,7073405307,5.50,3.13,2.50,0.10,6.00,38
60538862841,60538862841,4.09,3.96,1.98,0.23,3.00,18
30045048225,30045048225,2.75,1.55,1.45,0.07,6.00,32
3700090707,3700090707,7.09,4.29,3.78,1.13,4.00,62
68113124787,68113124787,8.50,6.90,4.60,2.28,1.00,62
4180033711,4180033711,7.50,6.00,5.00,4.50,4.00,146
7309102765,7309102765,6.76,5.74,1.33,0.11,3.00,95
7874200995,7874200995,3.50,1.86,1.86,0.15,3.00,8
30045044905,30045044905,2.81,1.72,1.56,0.08,6.00,33
3700033710,3700033710,4.25,2.66,2.66,0.50,2.00,32
4116705367,4116705367,9.00,3.00,2.00,1.30,3.00,51
6905512776,6905512776,9.37,3.35,1.18,0.25,6.00,79
4650021845,4650021845,7.70,2.50,1.50,0.47,8.00,12
76056949412,76056949412,4.00,3.00,3.00,2.00,3.00,53
68113128821,68113128821,4.63,1.75,1.75,0.06,4.00,101
31254723808,31254723808,4.38,3.25,1.13,0.06,6.00,109
30766749180,30766749180,3.65,3.12,1.65,0.30,3.00,16
3700035906,3700035906,4.80,3.75,1.60,0.11,6.00,105
30087512121,30087512121,6.50,5.19,5.19,2.01,4.00,62
30065815001,30065815001,3.25,1.75,1.25,0.03,4.00,15
3000001040,3000001040,9.63,5.19,5.19,2.63,12.00,1
1600040996,1600040996,7.20,5.70,1.50,1.00,12.00,111
68113117096,68113117096,5.19,3.50,0.75,0.12,3.00,92
1300000103,1300000103,9.70,6.00,4.70,6.70,6.00,133
3400000171,3400000171,10.32,5.35,2.47,3.17,12.00,38
3485615040,3485615040,9.35,6.74,3.72,2.25,6.00,130
68113100055,68113100055,6.00,2.50,2.50,0.37,4.00,79
4119691181,4119691181,4.45,3.45,3.45,1.19,12.00,79
68113192861,68113192861,4.34,2.32,2.32,0.11,3.00,137
30573301724,30573301724,5.75,5.00,2.25,0.25,3.00,61
2700038787,2700038787,8.84,6.06,4.44,5.77,2.00,14
68113107396,68113107396,13.50,10.50,4.63,2.60,4.00,66
30573287193,30573287193,5.47,2.13,1.38,0.12,3.00,15
5100014880,5100014880,16.75,8.25,3.50,1.05,8.00,21
38137003332,38137003332,7.02,3.04,2.06,0.85,6.00,11
4119691116,4119691116,4.45,3.45,3.45,1.19,12.00,8
64786590369,64786590369,5.41,2.88,2.88,0.62,3.00,104
68113128708,68113128708,6.75,2.75,2.00,1.00,4.00,75
4157004426,4157004426,7.50,5.60,2.30,4.25,6.00,17
30997869541,30997869541,6.13,3.44,1.94,0.42,3.00,58
34658183006,34658183006,6.56,4.94,1.31,0.30,3.00,39
4711360912,4711360912,7.50,2.75,2.50,1.09,6.00,111
7874211378,7874211378,6.00,5.14,5.14,4.00,6.00,29
7874223599,7874223599,5.95,4.10,3.90,0.47,6.00,66
68113127673,68113127673,4.50,4.50,4.25,0.08,3.00,120
30149000185,30149000185,3.53,2.41,1.73,0.22,3.00,130
31015808700,31015808700,7.06,1.81,1.50,0.34,12.00,80
68113113517,68113113517,7.21,3.25,1.25,0.08,3.00,94
2541700914,2541700914,4.25,4.25,1.50,0.50,6.00,44
1114042400,1114042400,10.88,8.06,2.38,1.88,6.00,42
4360000651,4360000651,9.75,3.25,3.25,3.05,6.00,86
5280048262,5280048262,9.20,4.00,2.00,1.70,3.00,22
5000033480,5000033480,6.90,3.00,3.00,0.78,6.00,58
3320000076,3320000076,11.40,7.63,6.31,9.25,4.00,150
5000029211,5000029211,7.85,7.60,5.20,6.66,1.00,93
3800014369,3800014369,12.50,7.70,2.20,1.30,8.00,30
36761831030,36761831030,3.00,1.70,1.50,0.50,3.00,59
1920082159,1920082159,9.50,8.50,3.00,2.15,4.00,93
36373644720,36373644720,5.60,2.25,1.13,0.16,4.00,104
5087581788,5087581788,10.24,5.91,4.33,2.32,3.00,42
3160403173,3160403173,5.75,3.13,3.13,0.91,2.00,33
31011905609,31011905609,5.44,1.88,1.88,0.31,4.00,6
3600035641,3600035641,7.50,6.00,5.00,0.85,3.00,140
88947651100,88947651100,3.81,2.50,2.50,0.30,2.00,12
7874200413,7874200413,7.94,5.25,3.25,1.40,6.00,16
68113112228,68113112228,6.20,3.20,3.20,1.16,2.00,60
1090000103,1090000103,10.50,5.00,2.00,0.53,5.00,2
64786520221,64786520221,4.00,3.00,3.00,2.00,3.00,98
68113124944,68113124944,13.81,5.94,4.94,9.61,1.00,78
7094200247,7094200247,5.75,3.00,0.75,0.07,6.00,123
30065401106,30065401106,3.87,2.89,1.28,0.07,6.00,65
1740011820,1740011820,11.30,9.20,3.63,4.50,4.00,74
7940081670,7940081670,9.00,8.25,6.25,0.65,3.00,36
2571567054,2571567054,6.25,3.06,1.00,0.28,3.00,142
8660000012,8660000012,3.44,3.44,1.34,0.38,12.00,22
30023545910,30023545910,3.50,1.75,1.13,0.70,6.00,149
1650058168,1650058168,6.25,3.16,3.16,0.88,3.00,31
7874201469,7874201469,7.50,2.16,2.16,0.50,6.00,27
3000031379,3000031379,22.50,10.50,3.00,2.50,4.00,23
76211120603,76211120603,6.10,3.90,2.85,0.82,6.00,75
68113115659,68113115659,3.66,2.06,2.06,0.08,2.00,119
30395206394,30395206394,4.38,1.75,1.75,0.29,4.00,83
68113128505,68113128505,5.33,3.06,3.06,0.60,2.00,146
68113111152,68113111152,3.50,2.00,2.00,0.10,3.00,124
32878524912,32878524912,7.50,3.30,1.20,0.12,3.00,101
7261345405,7261345405,10.31,8.19,4.41,6.60,3.00,15
60265218403,60265218403,6.50,5.40,1.90,0.46,6.00,139
5100001588,5100001588,15.50,8.75,0.85,4.45,6.00,84
63748008431,63748008431,9.25,6.00,5.25,5.50,1.00,118
31101741025,31101741025,6.75,2.12,2.12,0.29,3.00,109
7073400010,7073400010,6.00,6.00,6.00,1.60,6.00,39
3500052584,3500052584,7.75,4.00,1.66,0.93,12.00,106
30045029532,30045029532,3.56,3.31,1.38,0.02,6.00,143
1111161011,1111161011,7.25,4.13,2.50,1.52,12.00,106
7874212406,7874212406,7.00,4.50,2.50,0.44,12.00,138
3120000413,3120000413,9.38,7.63,4.00,1.53,4.00,134
4561100204,4561100204,4.00,3.00,3.00,2.00,3.00,31
3600047927,3600047927,17.00,9.44,5.70,3.70,2.00,41
2700039007,2700039007,3.00,2.61,2.60,0.63,24.00,11
3700088707,3700088707,9.50,8.00,4.50,1.60,3.00,131
7447128996,7447128996,7.38,5.55,3.72,0.89,4.00,50
85843800507,85843800507,5.00,3.00,2.00,0.31,3.00,110
32878599821,32878599821,4.00,3.00,3.00,2.00,3.00,123
68113169993,68113169993,8.13,4.00,2.44,1.56,4.00,65
68113123450,68113123450,4.45,2.50,2.50,0.54,3.00,40
7007460750,7007460750,4.73,4.06,4.06,1.16,3.00,34
2800046631,2800046631,7.45,3.85,3.35,1.43,6.00,83
2550000080,2550000080,7.77,3.99,3.99,0.95,6.00,15
2240039371,2240039371,9.25,3.06,3.06,1.98,6.00,104
68113111148,68113111148,3.48,1.86,1.86,1.00,3.00,135
7574106006,7574106006,10.25,10.25,8.50,5.15,1.00,113
30045013724,30045013724,4.05,3.46,0.75,0.06,6.00,125
7467664631,7467664631,4.00,3.00,3.00,2.00,2.00,129
7874210132,7874210132,10.00,6.20,2.60,0.58,12.00,11
30573245114,30573245114,4.25,3.50,1.75,0.40,4.00,121
7874236982,7874236982,2.69,2.69,2.00,0.14,24.00,15
3770032739,3770032739,10.38,10.38,5.25,4.26,3.00,76
4300000488,4300000488,4.21,2.86,2.68,9.00,8.00,58
30997869511,30997869511,6.25,3.50,2.00,0.45,3.00,69
68113106516,68113106516,11.20,7.70,4.70,2.40,2.00,132
7940042653,7940042653,5.70,2.70,2.20,0.60,3.00,20
3000006211,3000006211,12.70,8.10,2.80,1.30,10.00,23
68113183716,68113183716,4.50,3.50,3.50,0.70,1.00,72
3120020299,3120020299,10.88,6.14,4.72,7.25,6.00,57
36373644305,36373644305,7.00,5.13,1.44,0.07,3.00,1
5100001151,5100001151,4.06,2.69,2.69,0.66,12.00,80
3700074084,3700074084,7.70,2.70,2.70,1.10,2.00,13
4150080505,4150080505,9.41,3.34,3.34,2.43,6.00,61
3800014363,3800014363,12.61,7.56,2.30,1.35,8.00,28
5000058664,5000058664,8.00,7.50,5.50,6.10,1.00,5
68113123604,68113123604,9.36,4.65,4.03,3.89,4.00,149
5150024177,5150024177,5.70,3.50,3.50,1.90,10.00,137
3160403158,3160403158,5.45,3.06,3.06,0.76,2.00,141
2400001062,2400001062,4.69,4.06,4.06,2.17,6.00,140
2700048814,2700048814,7.63,4.50,4.50,3.17,6.00,5
32878573000,32878573000,8.00,5.50,2.50,0.50,1.00,100
69702910116,69702910116,8.00,2.75,2.75,1.19,3.00,98
3700094600,3700094600,12.91,11.77,3.11,8.88,5.00,4
5000001011,5000001011,3.90,2.95,2.95,0.93,24.00,147
68113106455,68113106455,15.00,11.00,5.63,4.85,2.00,127
68113108712,68113108712,5.20,3.00,3.00,0.50,2.00,49
30065035610,30065035610,7.00,2.56,2.56,0.72,6.00,61
32420869760,32420869760,4.25,2.25,2.25,0.18,3.00,75
3700075614,3700075614,9.45,9.33,7.95,7.92,1.00,33
7940024407,7940024407,5.70,3.00,2.50,0.60,6.00,107
38137003572,38137003572,6.00,2.19,1.20,0.31,3.00,81
7214063382,7214063382,4.90,2.30,1.60,3.20,3.00,112
38151906403,38151906403,6.50,4.61,2.32,1.23,4.00,102
68113111974,68113111974,10.00,7.25,0.39,0.40,3.00,126
4650074678,4650074678,13.50,10.44,5.63,2.75,5.00,111
3890004170,3890004170,6.25,3.75,3.25,1.25,6.00,98
68113112980,68113112980,2.80,1.81,1.80,4.80,3.00,29
3700073753,3700073753,9.31,4.16,2.58,2.25,4.00,33
1600026316,1600026316,8.00,7.50,5.00,0.50,12.00,4
9109382245,9109382245,8.75,8.00,1.75,0.75,3.00,139
3700074108,3700074108,5.87,3.54,3.18,0.54,3.00,34
68113106458,68113106458,16.50,11.75,6.00,4.55,2.00,112
4203710479,4203710479,4.19,3.00,2.06,0.15,4.00,93
1254744019,1254744019,8.72,1.90,0.79,0.04,6.00,130
3700042041,3700042041,10.12,9.13,4.88,1.60,6.00,74
5000055121,5000055121,8.00,3.25,3.25,2.60,2.00,67
3700077969,3700077969,6.02,1.93,1.61,0.31,6.00,78
4116741238,4116741238,4.32,2.98,1.21,0.08,4.00,17
81483201062,81483201062,8.30,6.90,3.75,0.79,6.00,46
76687800192,76687800192,8.86,2.13,0.88,0.05,6.00,123
3663207113,3663207113,8.63,6.75,5.35,7.09,1.00,149
36842920102,36842920102,2.50,2.00,2.00,0.13,3.00,81
3700057468,3700057468,5.06,2.87,2.25,0.58,3.00,144
68113103927,68113103927,4.55,2.83,1.09,0.07,6.00,140
3320001110,3320001110,4.63,3.56,2.00,1.05,24.00,2
30573015475,30573015475,5.00,2.50,2.50,0.33,3.00,123
5310033843,5310033843,8.30,3.00,1.50,0.05,6.00,112
7874209271,7874209271,6.44,4.50,3.63,0.01,4.00,5
1411391254,1411391254,9.09,6.02,3.00,0.75,5.00,41
1500007035,1500007035,7.00,4.05,2.85,0.63,6.00,1
85219000506,85219000506,5.70,3.70,3.70,0.69,2.00,76
3500049862,3500049862,11.50,5.00,3.00,3.60,6.00,9
9955515171,9955515171,7.70,7.61,5.83,0.60,4.00,34
1204401572,1204401572,5.40,2.62,1.00,0.45,3.00,134
7874237134,7874237134,5.75,5.50,1.00,1.03,12.00,130
68113105703,68113105703,3.75,2.10,2.10,0.01,3.00,49
6905588674,6905588674,9.94,5.94,3.94,1.13,1.00,52
5000038825,5000038825,9.00,6.50,6.00,0.70,6.00,44
7007466954,7007466954,4.56,4.06,4.06,1.15,6.00,148
31254730671,31254730671,10.44,4.35,4.31,2.83,6.00,79
81000718059,81000718059,4.30,3.25,2.50,0.78,3.00,29
7874243588,7874243588,3.55,1.86,1.86,0.15,3.00,77
68113117145,68113117145,5.00,3.00,1.75,0.10,2.00,128
3500045072,3500045072,11.00,3.75,2.50,2.30,9.00,140
4010001787,4010001787,3.50,3.00,3.00,0.60,8.00,59
3160404066,3160404066,5.00,2.50,2.50,0.40,3.00,27
7874212827,7874212827,8.38,4.05,4.05,3.84,6.00,52
69212103519,69212103519,6.50,4.00,1.25,0.22,2.00,45
68113117814,68113117814,5.25,4.38,2.70,0.60,3.00,28
68113100222,68113100222,4.75,2.30,2.30,0.33,3.00,21
68113115728,68113115728,5.51,2.87,2.87,0.13,3.00,66
68113100050,68113100050,4.78,2.72,2.72,0.41,3.00,78
30299392716,30299392716,7.38,3.87,2.17,1.25,3.00,143
7050102700,7050102700,7.06,2.76,1.69,0.60,3.00,98
7874206218,7874206218,4.00,4.00,2.25,0.78,12.00,59
31011905611,31011905611,4.00,3.00,3.00,2.00,4.00,2
32994300215,32994300215,3.50,1.75,1.26,0.10,6.00,58
4116563033,4116563033,12.00,8.20,4.20,1.40,8.00,106
3400030570,3400030570,7.75,7.10,4.55,7.80,6.00,50
1600040982,1600040982,12.00,9.75,0.60,1.05,12.00,144
68113112903,68113112903,10.00,2.25,1.65,0.34,4.00,124
2800084909,2800084909,5.15,3.65,1.90,0.16,8.00,142
5000050037,5000050037,7.20,4.85,4.70,2.16,2.00,111
1480000082,1480000082,9.13,3.33,3.03,0.25,12.00,90
30573070130,30573070130,3.75,3.00,0.63,0.08,12.00,52
4858251201,4858251201,5.00,1.50,1.20,0.13,6.00,130
68113106072,68113106072,5.52,2.81,1.00,0.04,3.00,123
68113105711,68113105711,3.50,1.86,1.86,0.01,3.00,5
834678020,834678020,10.30,7.55,5.30,7.15,3.00,128
88949711888,88949711888,10.00,3.70,3.00,4.50,8.00,30
7214063482,7214063482,9.20,3.20,1.80,1.10,3.00,98
7910051152,7910051152,10.30,6.80,5.70,10.32,1.00,8
3500045461,3500045461,8.72,2.05,0.91,0.13,6.00,70
7874206662,7874206662,3.50,2.00,1.12,0.10,12.00,55
68113131264,68113131264,4.70,2.50,2.50,0.50,3.00,117
1150906508,1150906508,4.50,3.63,1.47,0.02,4.00,15
3320018013,3320018013,8.40,3.75,1.50,0.88,6.00,93
7007467437,7007467437,4.37,3.70,3.56,0.91,6.00,15
7874235307,7874235307,9.50,7.50,2.25,0.94,12.00,94
83249204667,83249204667,6.00,2.50,2.50,0.75,3.00,114
6233800230,6233800230,10.63,4.75,2.38,1.62,6.00,51
7232011017,7232011017,8.76,6.50,5.50,1.20,4.00,23
7874249908,7874249908,4.25,2.00,2.00,0.35,3.00,93
3700074093,3700074093,9.72,4.13,2.20,1.72,10.00,25
2120047531,2120047531,6.00,4.50,3.00,0.31,4.00,30
61300872815,61300872815,10.75,8.06,5.13,10.10,1.00,131
2100004690,2100004690,7.25,2.14,2.14,0.90,12.00,56
81652601001,81652601001,3.43,2.50,1.75,0.10,6.00,87
38137116262,38137116262,9.50,3.50,1.70,1.30,3.00,48
8000051648,8000051648,6.75,5.00,3.50,3.10,6.00,11
4116741251,4116741251,4.50,3.20,1.70,0.10,6.00,22
70592810008,70592810008,6.00,3.25,2.50,0.68,4.00,6
38137004708,38137004708,3.98,2.77,1.45,0.05,5.00,4
2120047529,2120047529,6.00,5.05,3.00,0.40,4.00,128
36382493908,36382493908,5.28,3.63,1.88,0.25,2.00,43
3800013841,3800013841,9.19,3.13,3.13,0.42,19.00,98
3160404070,3160404070,5.13,2.63,2.63,0.34,3.00,117
88491229801,88491229801,20.50,10.75,3.00,2.55,6.00,121
7007466544,7007466544,9.75,9.50,5.69,10.55,1.00,127
30023663010,30023663010,3.50,1.75,1.13,0.07,6.00,36
66358000002,66358000002,6.25,3.25,1.75,0.19,3.00,1
2819000309,2819000309,6.94,4.50,3.25,1.88,6.00,41
31254723850,31254723850,4.38,3.25,1.13,0.06,6.00,146
30068041830,30068041830,8.00,3.25,3.25,2.10,2.00,70
4203700034,4203700034,4.31,1.88,1.19,0.13,4.00,5
4114302874,4114302874,6.03,4.03,4.03,1.74,12.00,150
31011904305,31011904305,6.63,5.13,2.56,1.93,2.00,137
36382400820,36382400820,5.20,3.50,0.70,0.10,4.00,85
1920089952,1920089952,10.63,5.00,2.70,2.00,4.00,41
5844977180,5844977180,9.00,6.75,3.00,0.75,6.00,92
30766749115,30766749115,5.50,5.00,2.00,0.49,1.00,4
38137117549,38137117549,5.99,3.16,0.66,0.05,6.00,99
2570070809,2570070809,10.64,4.49,3.02,2.34,8.00,1
4138792985,4138792985,8.20,8.20,5.00,4.80,6.00,86
88679073893,88679073893,6.13,2.75,2.75,0.33,3.00,150
2700050015,2700050015,5.20,3.20,3.20,1.70,12.00,106
1600015191,1600015191,12.55,9.40,2.50,1.19,12.00,37
63748000683,63748000683,9.38,6.00,5.00,6.42,1.00,111
68113100184,68113100184,5.00,3.12,1.81,0.28,3.00,74
30766784560,30766784560,5.00,5.00,5.00,0.50,1.00,60
7874227670,7874227670,11.60,6.28,3.27,4.72,6.00,6
6905587662,6905587662,8.70,4.20,3.20,0.80,3.00,1
4110000702,4110000702,6.13,2.38,1.50,0.29,6.00,137
71683729125,71683729125,4.19,2.17,2.17,0.17,3.00,79
7214001150,7214001150,9.00,3.00,2.00,1.25,3.00,51
88591161069,88591161069,15.79,5.34,4.55,1.75,2.00,131
6025842432,6025842432,9.19,5.31,2.31,1.11,6.00,134
3700078789,3700078789,7.20,5.67,1.50,1.03,4.00,118
31284355565,31284355565,3.56,2.13,1.66,0.18,3.00,40
5480003234,5480003234,7.28,5.12,1.26,0.57,12.00,146
68113117811,68113117811,4.38,2.75,2.00,0.14,3.00,85
73528210062,73528210062,12.00,9.00,0.56,0.25,3.00,36
60265218665,60265218665,7.00,6.00,2.40,1.20,6.00,146
1111161015,1111161015,12.50,7.81,7.25,1.64,12.00,83
2550081123,2550081123,7.19,5.22,4.50,0.68,6.00,124
2400016729,2400016729,4.44,3.00,3.00,0.95,12.00,46
7940002645,7940002645,9.75,4.00,2.50,2.40,4.00,104
3270099393,3270099393,8.63,4.75,3.50,0.22,3.00,71
7874205972,7874205972,8.38,5.50,2.88,1.58,12.00,28
68113102405,68113102405,3.88,3.25,1.00,0.08,6.00,77
38137115078,38137115078,5.98,3.94,1.73,0.22,3.00,22
3600051661,3600051661,12.00,11.94,9.38,5.10,1.00,64
4116708010,4116708010,5.56,4.25,1.44,0.19,4.00,112
2899505214,2899505214,8.10,3.90,2.80,2.30,3.00,92
1480021086,1480021086,9.00,3.50,3.00,1.60,12.00,120
30521069100,30521069100,4.24,4.19,3.07,1.01,6.00,97
38137117210,38137117210,9.80,7.01,3.30,1.19,6.00,140
4203710284,4203710284,4.75,3.13,1.31,0.18,6.00,130
68113112979,68113112979,4.75,2.56,1.38,0.20,3.00,150
4116706638,4116706638,8.50,3.13,2.13,0.06,3.00,150
68113128025,68113128025,6.95,2.50,1.15,0.19,3.00,48
3800018818,3800018818,20.00,9.50,3.50,2.23,6.00,137
30766739330,30766739330,6.01,3.04,2.37,1.02,4.00,31
1500007052,1500007052,8.50,5.20,3.20,1.20,6.00,139
4116705835,4116705835,5.90,2.06,2.06,0.38,4.00,48
5310038480,5310038480,6.56,1.72,1.42,0.25,6.00,83
3000005620,3000005620,9.75,4.16,2.77,1.50,12.00,123
3700055535,3700055535,7.09,1.89,1.50,0.04,12.00,58
31254662229,31254662229,9.25,6.50,1.50,0.52,12.00,121
3010010874,3010010874,9.00,8.00,2.44,1.52,12.00,36
38137003991,38137003991,4.88,1.88,1.06,0.08,6.00,88
1111173011,1111173011,7.25,4.13,2.50,1.52,9.00,66
7874236966,7874236966,9.34,3.36,3.36,2.00,9.00,100
68113115683,68113115683,3.50,1.90,1.90,0.06,3.00,138
30573176913,30573176913,4.75,2.50,2.50,0.34,3.00,86
7874223598,7874223598,5.74,3.76,3.74,0.40,6.00,106
6905512671,6905512671,9.45,2.16,1.34,0.18,4.00,16
7092047651,7092047651,7.63,7.13,5.00,2.87,4.00,82
4711360902,4711360902,7.50,5.13,2.63,2.16,3.00,39
7214001243,7214001243,9.45,3.27,1.97,1.10,3.00,30
1111161117,1111161117,7.24,4.10,2.50,1.10,12.00,150
69736600175,69736600175,10.00,7.00,7.00,2.00,3.00,7
2700050006,2700050006,5.31,3.44,3.44,1.68,12.00,81
38137003658,38137003658,4.88,3.50,1.13,0.10,6.00,19
4714405602,4714405602,3.25,2.31,1.13,0.04,3.00,137
30045013408,30045013408,6.00,2.15,2.15,0.33,3.00,129
3700010750,3700010750,11.96,9.09,4.56,8.78,4.00,128
31284339325,31284339325,8.20,4.00,2.50,2.20,3.00,90
1500093758,1500093758,7.85,6.15,6.15,0.37,2.00,53
4116705820,4116705820,5.25,4.00,1.50,0.25,4.00,102
7874234925,7874234925,8.50,6.00,3.25,1.03,4.00,148
31011902090,31011902090,3.50,1.75,1.00,0.50,6.00,66
3700090397,3700090397,6.06,1.93,1.61,0.31,6.00,127
68113100252,68113100252,3.00,3.00,1.50,0.10,6.00,101
69702921104,69702921104,7.50,2.75,1.75,0.40,3.00,15
3120002312,3120002312,10.50,4.20,3.50,4.30,8.00,61
1380323339,1380323339,3.90,3.30,2.10,0.10,3.00,68
2052596098,2052596098,5.06,3.00,1.81,0.11,3.00,149
7965600008,7965600008,8.03,2.67,2.67,1.14,3.00,86
3940001970,3940001970,5.70,3.50,3.50,1.90,12.00,92
7073405316,7073405316,5.50,3.00,2.50,0.15,6.00,82
76172005848,76172005848,14.62,9.16,6.73,19.16,2.00,28
8768400511,8768400511,11.25,9.50,5.56,13.16,1.00,41
64384371451,64384371451,5.70,4.50,4.50,3.30,3.00,73
7874209522,7874209522,10.75,7.42,2.50,1.65,8.00,44
5200033995,5200033995,6.00,5.00,5.00,3.40,3.00,102
68142102003,68142102003,3.75,2.94,0.88,0.03,6.00,83
31254723722,31254723722,6.37,3.62,0.75,0.05,6.00,118
1600019428,1600019428,8.70,4.20,2.50,0.80,8.00,54
5000029489,5000029489,14.00,10.20,3.20,9.50,2.00,121
1111107973,1111107973,9.50,3.59,2.31,1.48,4.00,50
85843800581,85843800581,5.50,2.60,2.60,0.72,4.00,32
68113115801,68113115801,6.38,2.00,2.00,0.40,4.00,14
1600044511,1600044511,8.37,4.93,3.00,0.66,4.00,121
1258770441,1258770441,12.38,2.50,2.50,0.36,12.00,118
3160403175,3160403175,3.63,2.00,2.00,0.23,3.00,52
1700008239,1700008239,5.40,2.60,2.00,0.70,3.00,54
30081073087,30081073087,4.88,3.50,1.13,0.10,6.00,19
31254717157,31254717157,4.00,3.00,3.00,2.00,6.00,104
68113167892,68113167892,3.48,1.86,1.86,0.05,3.00,33
7910050960,7910050960,7.72,4.82,4.61,1.90,2.00,54
38137003670,38137003670,8.17,2.09,2.09,0.59,3.00,77
60538862807,60538862807,5.12,3.17,3.17,0.39,3.00,104
3160403171,3160403171,4.25,2.00,2.00,0.09,3.00,113
30132000211,30132000211,4.50,2.75,0.75,0.01,3.00,86
4116758002,4116758002,4.70,4.70,1.20,0.20,4.00,112
31015805308,31015805308,5.94,4.00,3.13,0.68,6.00,11
68113105404,68113105404,3.25,1.63,1.63,0.20,3.00,37
5113191382,5113191382,6.00,3.50,1.33,0.18,3.00,44
3000031793,3000031793,7.88,4.75,3.00,0.76,6.00,64
68113122842,68113122842,4.88,2.75,1.63,0.13,6.00,2
32586655307,32586655307,4.06,2.00,1.50,0.10,3.00,100
88949700017,88949700017,10.34,4.63,3.65,4.00,8.00,6
7560904153,7560904153,6.31,2.38,1.75,0.51,3.00,115
1500093799,1500093799,8.45,8.45,4.50,0.88,2.00,56
7874225983,7874225983,6.50,4.00,3.75,1.63,6.00,2
73112400007,73112400007,5.82,2.06,2.00,0.19,3.00,48
2460001003,2460001003,5.50,3.38,3.38,1.73,24.00,99
7502007296,7502007296,9.33,6.81,2.56,0.90,2.00,118
3076851297,3076851297,5.70,5.70,3.00,0.70,3.00,134
7007464760,7007464760,9.75,7.00,6.00,0.65,1.00,143
3320015029,3320015029,8.60,3.40,2.30,2.00,6.00,36
60308420971,60308420971,9.30,2.08,2.08,0.52,3.00,107
2100005718,2100005718,6.25,5.69,4.62,2.83,8.00,100
7874215152,7874215152,8.37,3.63,2.25,2.13,8.00,110
68113100071,68113100071,8.00,7.50,4.50,5.00,4.00,125
31015808025,31015808025,4.50,3.00,0.88,0.06,6.00,111
2700050011,2700050011,5.31,3.44,3.44,1.68,12.00,148
7685572059,7685572059,7.20,3.00,1.20,0.20,3.00,148
5150024136,5150024136,5.50,4.05,2.90,0.88,6.00,20
7874215810,7874215810,9.40,6.00,5.50,4.30,4.00,53
7874235253,7874235253,15.50,10.00,2.20,10.00,4.00,28
5440000004,5440000004,8.75,2.25,2.25,1.64,12.00,59
68113103877,68113103877,8.87,2.43,1.25,0.05,6.00,6
2240055498,2240055498,9.19,6.31,3.19,2.10,4.00,107
2685187039,2685187039,5.74,3.13,3.13,0.77,3.00,26
72312215024,72312215024,5.01,2.00,2.00,0.10,2.00,120
5000086996,5000086996,8.00,5.20,3.20,2.60,2.00,117
5100018064,5100018064,4.00,4.00,3.31,0.98,8.00,115
68113107850,68113107850,3.50,2.00,2.00,0.20,3.00,51
3700024628,3700024628,2.75,1.25,0.54,0.25,12.00,143
3444988909,3444988909,13.39,3.94,3.15,1.85,2.00,99
6905512519,6905512519,8.66,2.36,0.71,0.05,6.00,1
2550020536,2550020536,6.47,6.47,5.28,1.83,6.00,58
60538862809,60538862809,3.50,1.70,1.70,0.10,3.00,114
68113112976,68113112976,4.00,3.25,2.00,0.19,3.00,3
7418245993,7418245993,9.36,5.51,3.07,3.47,6.00,78
4010000721,4010000721,3.24,2.77,2.77,0.59,8.00,146
5150060441,5150060441,7.20,5.40,1.50,1.34,12.00,47
2460001093,2460001093,6.50,2.63,2.63,1.20,6.00,30
1600043980,1600043980,5.87,5.50,1.56,0.46,12.00,143
5100019625,5100019625,6.32,5.18,4.25,3.38,4.00,30
5800014071,5800014071,9.02,1.97,0.98,0.10,6.00,61
2900001903,2900001903,5.70,4.20,4.20,1.30,6.00,30
2260028001,2260028001,5.00,2.50,1.60,0.20,3.00,75
7874201316,7874201316,5.50,4.70,2.50,0.30,6.00,63
68113128720,68113128720,5.31,2.89,2.89,0.57,3.00,60
72277623001,72277623001,9.50,7.50,2.50,2.21,4.00,37
38137101842,38137101842,7.98,3.00,1.88,0.50,3.00,104
7874227730,7874227730,4.70,3.50,3.50,1.40,8.00,72
2310011437,2310011437,8.50,8.00,6.50,6.50,1.00,150
38137117741,38137117741,8.75,4.13,2.11,1.41,3.00,8
3076833049,3076833049,4.75,3.50,3.50,0.17,3.00,33
2550000518,2550000518,8.73,6.44,6.44,3.50,6.00,74
30573284301,30573284301,5.06,2.50,1.13,0.10,3.00,127
85538000428,85538000428,8.43,2.09,2.09,0.57,6.00,129
60265218400,60265218400,6.50,5.40,1.90,7.36,6.00,103
1600015535,1600015535,12.55,9.40,2.50,1.00,6.00,27
2052512190,2052512190,5.35,2.88,2.88,0.53,3.00,125
7287850523,7287850523,5.00,2.50,2.50,0.97,12.00,131
7874237137,7874237137,5.75,5.50,1.13,1.05,12.00,141
5150000692,5150000692,5.12,2.94,2.94,1.65,12.00,128
1480000184,1480000184,7.11,4.58,4.58,3.07,8.00,16
